[
  {
    "id": "fdf4071a-376a-4ece-b160-d2226e16e1b4",
    "data": [
      {
        "text": "What are ",
        "userDefined": false
      },
      {
        "text": "staff wellness days",
        "meta": "@wellness_leave_info",
        "alias": "wellness_leave_info",
        "userDefined": false
      },
      {
        "text": "?",
        "userDefined": false
      }
    ],
    "isTemplate": false,
    "count": 0,
    "lang": "en",
    "updated": 0
  },
  {
    "id": "cb94e556-9415-4732-954d-891228d490e7",
    "data": [
      {
        "text": "Can you explain ",
        "userDefined": false
      },
      {
        "text": "wellness days",
        "meta": "@wellness_leave_info",
        "alias": "wellness_leave_info",
        "userDefined": false
      }
    ],
    "isTemplate": false,
    "count": 0,
    "lang": "en",
    "updated": 0
  },
  {
    "id": "f013c954-0327-49fd-8974-d1f36c814f5e",
    "data": [
      {
        "text": "Can you explain me about ",
        "userDefined": false
      },
      {
        "text": "staff wellness days",
        "meta": "@wellness_leave_info",
        "alias": "wellness_leave_info",
        "userDefined": false
      }
    ],
    "isTemplate": false,
    "count": 0,
    "lang": "en",
    "updated": 0
  },
  {
    "id": "22150b92-7588-431c-9ee0-f683f5de4d85",
    "data": [
      {
        "text": "What are ",
        "userDefined": false
      },
      {
        "text": "wellness days",
        "meta": "@wellness_leave_info",
        "alias": "wellness_leave_info",
        "userDefined": false
      },
      {
        "text": "?",
        "userDefined": false
      }
    ],
    "isTemplate": false,
    "count": 0,
    "lang": "en",
    "updated": 0
  },
  {
    "id": "2e691b60-d104-4acd-b11e-bc44c30ed32f",
    "data": [
      {
        "text": "Can you explain the ",
        "userDefined": false
      },
      {
        "text": "recruiting process",
        "meta": "@hiring_recruitment",
        "alias": "hiring_recruitment",
        "userDefined": true
      },
      {
        "text": "?",
        "userDefined": false
      }
    ],
    "isTemplate": false,
    "count": 0,
    "lang": "en",
    "updated": 0
  },
  {
    "id": "0f87dfe8-2b84-4a22-8122-8bf8a4bf40a5",
    "data": [
      {
        "text": "Can you explain the ",
        "userDefined": false
      },
      {
        "text": "hiring process?",
        "meta": "@hiring_recruitment",
        "alias": "hiring_recruitment",
        "userDefined": true
      }
    ],
    "isTemplate": false,
    "count": 0,
    "lang": "en",
    "updated": 0
  },
  {
    "id": "ed488999-c653-42f8-980c-ae656debc4de",
    "data": [
      {
        "text": "What is the ",
        "userDefined": false
      },
      {
        "text": "hiring process",
        "meta": "@hiring_recruitment",
        "alias": "hiring_recruitment",
        "userDefined": true
      },
      {
        "text": "?",
        "userDefined": false
      }
    ],
    "isTemplate": false,
    "count": 0,
    "lang": "en",
    "updated": 0
  },
  {
    "id": "c1a268ad-7159-445e-8c8f-024681ef84ee",
    "data": [
      {
        "text": "How ",
        "userDefined": false
      },
      {
        "text": "hiring",
        "meta": "@hiring_recruitment",
        "alias": "hiring_recruitment",
        "userDefined": true
      },
      {
        "text": " is done?",
        "userDefined": false
      }
    ],
    "isTemplate": false,
    "count": 0,
    "lang": "en",
    "updated": 0
  },
  {
    "id": "868e10bb-c5bf-451f-ad53-224314bcda51",
    "data": [
      {
        "text": "Can you explain the ",
        "userDefined": false
      },
      {
        "text": "hiring and recruitment",
        "meta": "@hiring_recruitment",
        "alias": "hiring_recruitment",
        "userDefined": true
      },
      {
        "text": " process?",
        "userDefined": false
      }
    ],
    "isTemplate": false,
    "count": 0,
    "lang": "en",
    "updated": 0
  },
  {
    "id": "e1568c9b-78e8-4c63-bb12-0e8864a1286c",
    "data": [
      {
        "text": "Hiring and recruitment",
        "meta": "@hiring_recruitment",
        "alias": "hiring_recruitment",
        "userDefined": true
      }
    ],
    "isTemplate": false,
    "count": 0,
    "lang": "en",
    "updated": 0
  },
  {
    "id": "cc2150a6-d64c-46b4-aca4-161cf98c3aaf",
    "data": [
      {
        "text": "Tell me about ",
        "userDefined": false
      },
      {
        "text": "hiring and recruitment",
        "meta": "@hiring_recruitment",
        "alias": "hiring_recruitment",
        "userDefined": false
      },
      {
        "text": " process",
        "userDefined": false
      }
    ],
    "isTemplate": false,
    "count": 0,
    "lang": "en",
    "updated": 0
  },
  {
    "id": "e8bd46c8-f17d-4c60-b9bd-242c88f36c5f",
    "data": [
      {
        "text": "can you tell me about ",
        "userDefined": false
      },
      {
        "text": "hiring and recruitment process?",
        "meta": "@hiring_recruitment",
        "alias": "hiring_recruitment",
        "userDefined": true
      }
    ],
    "isTemplate": false,
    "count": 0,
    "lang": "en",
    "updated": 0
  },
  {
    "id": "a7111310-788f-4434-8421-0a97d33b7288",
    "data": [
      {
        "text": "tell me about ",
        "userDefined": false
      },
      {
        "text": "employee onboarding",
        "meta": "@emp_onboarding",
        "alias": "emp_onboarding",
        "userDefined": true
      }
    ],
    "isTemplate": false,
    "count": 0,
    "lang": "en",
    "updated": 0
  },
  {
    "id": "5dd3ba98-8ccb-450f-ad05-5d7f538d3b76",
    "data": [
      {
        "text": "employee onboarding",
        "meta": "@emp_onboarding",
        "alias": "emp_onboarding",
        "userDefined": true
      }
    ],
    "isTemplate": false,
    "count": 0,
    "lang": "en",
    "updated": 0
  },
  {
    "id": "abec3db8-31e9-4889-85ef-5cedb8ab4f15",
    "data": [
      {
        "text": "Please explain the ",
        "userDefined": false
      },
      {
        "text": "employee onboarding",
        "meta": "@emp_onboarding",
        "alias": "emp_onboarding",
        "userDefined": true
      },
      {
        "text": " process?",
        "userDefined": false
      }
    ],
    "isTemplate": false,
    "count": 0,
    "lang": "en",
    "updated": 0
  },
  {
    "id": "ebfe47bc-f8e8-4542-b552-57a6adaf8427",
    "data": [
      {
        "text": "explain the ",
        "userDefined": false
      },
      {
        "text": "employee onboarding",
        "meta": "@emp_onboarding",
        "alias": "emp_onboarding",
        "userDefined": true
      },
      {
        "text": " process?",
        "userDefined": false
      }
    ],
    "isTemplate": false,
    "count": 0,
    "lang": "en",
    "updated": 0
  },
  {
    "id": "4a55e90f-77f0-4b6c-b435-4cd4879b9791",
    "data": [
      {
        "text": "What is the ",
        "userDefined": false
      },
      {
        "text": "onboarding process",
        "meta": "@emp_onboarding",
        "alias": "emp_onboarding",
        "userDefined": true
      },
      {
        "text": "?",
        "userDefined": false
      }
    ],
    "isTemplate": false,
    "count": 0,
    "lang": "en",
    "updated": 0
  },
  {
    "id": "f13cc7e9-87af-4fca-a645-c802810a1dea",
    "data": [
      {
        "text": "How I can ",
        "userDefined": false
      },
      {
        "text": "contribute",
        "meta": "@volunteering",
        "alias": "volunteering",
        "userDefined": true
      },
      {
        "text": "?",
        "userDefined": false
      }
    ],
    "isTemplate": false,
    "count": 0,
    "lang": "en",
    "updated": 0
  },
  {
    "id": "0d3486c9-da74-4a62-ac42-85ce3eff6261",
    "data": [
      {
        "text": "How I can contribute to ",
        "userDefined": false
      },
      {
        "text": "society",
        "meta": "@volunteering",
        "alias": "volunteering",
        "userDefined": true
      },
      {
        "text": "?",
        "userDefined": false
      }
    ],
    "isTemplate": false,
    "count": 0,
    "lang": "en",
    "updated": 0
  },
  {
    "id": "2706cac2-ad6f-4096-b1d1-3d0f10c93c10",
    "data": [
      {
        "text": "What are the ",
        "userDefined": false
      },
      {
        "text": "opportunities",
        "meta": "@volunteering",
        "alias": "volunteering",
        "userDefined": true
      },
      {
        "text": "?",
        "userDefined": false
      }
    ],
    "isTemplate": false,
    "count": 0,
    "lang": "en",
    "updated": 0
  },
  {
    "id": "3b6b5864-ae61-46c1-8f8a-cfb4242971f6",
    "data": [
      {
        "text": "What are the opportunities in which I can ",
        "userDefined": false
      },
      {
        "text": "volunteer",
        "meta": "@volunteering",
        "alias": "volunteering",
        "userDefined": true
      },
      {
        "text": "?",
        "userDefined": false
      }
    ],
    "isTemplate": false,
    "count": 0,
    "lang": "en",
    "updated": 0
  },
  {
    "id": "0a079764-8b8f-4863-86e9-c7bba44c3e12",
    "data": [
      {
        "text": "Can you explain the ",
        "userDefined": false
      },
      {
        "text": "employee onboarding",
        "meta": "@emp_onboarding",
        "alias": "emp_onboarding",
        "userDefined": true
      },
      {
        "text": " process?",
        "userDefined": false
      }
    ],
    "isTemplate": false,
    "count": 0,
    "lang": "en",
    "updated": 0
  },
  {
    "id": "bd78ebfa-d82b-4de9-8de1-89c452f9b014",
    "data": [
      {
        "text": "Can you explain about the ",
        "userDefined": false
      },
      {
        "text": "volunteering opportunities",
        "meta": "@volunteering",
        "alias": "volunteering",
        "userDefined": true
      },
      {
        "text": "?",
        "userDefined": false
      }
    ],
    "isTemplate": false,
    "count": 0,
    "lang": "en",
    "updated": 0
  },
  {
    "id": "1f068e2a-f1fa-4cf3-93eb-f3e393d38442",
    "data": [
      {
        "text": "Volunteering",
        "meta": "@volunteering",
        "alias": "volunteering",
        "userDefined": true
      },
      {
        "text": " opportunities",
        "userDefined": false
      }
    ],
    "isTemplate": false,
    "count": 0,
    "lang": "en",
    "updated": 0
  },
  {
    "id": "c08e47b4-50ec-425b-a244-7744801965b7",
    "data": [
      {
        "text": "Time management",
        "meta": "@emp_time_hr",
        "alias": "emp_time_hr",
        "userDefined": true
      }
    ],
    "isTemplate": false,
    "count": 0,
    "lang": "en",
    "updated": 0
  },
  {
    "id": "10ef8703-5ecc-4878-b974-99d8a1307ed0",
    "data": [
      {
        "text": "HR actions",
        "meta": "@emp_time_hr",
        "alias": "emp_time_hr",
        "userDefined": true
      }
    ],
    "isTemplate": false,
    "count": 0,
    "lang": "en",
    "updated": 0
  },
  {
    "id": "0713038d-5f97-4cb5-91eb-77c29ff01973",
    "data": [
      {
        "text": "Explain employee ",
        "userDefined": false
      },
      {
        "text": "time management",
        "meta": "@emp_time_hr",
        "alias": "emp_time_hr",
        "userDefined": true
      },
      {
        "text": "?",
        "userDefined": false
      }
    ],
    "isTemplate": false,
    "count": 0,
    "lang": "en",
    "updated": 0
  },
  {
    "id": "92f74e67-73d3-49e4-a3ab-94596a421190",
    "data": [
      {
        "text": "tell me about ",
        "userDefined": false
      },
      {
        "text": "volunteering",
        "meta": "@volunteering",
        "alias": "volunteering",
        "userDefined": true
      },
      {
        "text": " opportunities",
        "userDefined": false
      }
    ],
    "isTemplate": false,
    "count": 0,
    "lang": "en",
    "updated": 0
  },
  {
    "id": "6278c743-a0ba-4ebe-88d8-3ac9ca2843a6",
    "data": [
      {
        "text": "Can you tell me about the ",
        "userDefined": false
      },
      {
        "text": "volunteering",
        "meta": "@volunteering",
        "alias": "volunteering",
        "userDefined": false
      },
      {
        "text": " opportunities?",
        "userDefined": false
      }
    ],
    "isTemplate": false,
    "count": 0,
    "lang": "en",
    "updated": 0
  },
  {
    "id": "fb448eaa-eaa0-4b44-982a-69289fd4ae47",
    "data": [
      {
        "text": "What are the ",
        "userDefined": false
      },
      {
        "text": "volunteering",
        "meta": "@volunteering",
        "alias": "volunteering",
        "userDefined": true
      },
      {
        "text": " opportunities?",
        "userDefined": false
      }
    ],
    "isTemplate": false,
    "count": 0,
    "lang": "en",
    "updated": 0
  },
  {
    "id": "8184a8f7-bc54-4736-90ad-85e26b8b26b4",
    "data": [
      {
        "text": "Can you tell me about ",
        "userDefined": false
      },
      {
        "text": "employee onboarding",
        "meta": "@emp_onboarding",
        "alias": "emp_onboarding",
        "userDefined": true
      },
      {
        "text": "?",
        "userDefined": false
      }
    ],
    "isTemplate": false,
    "count": 0,
    "lang": "en",
    "updated": 0
  },
  {
    "id": "cf6c2d7e-9d60-4485-bf31-c30c9aba0b1e",
    "data": [
      {
        "text": "Can you explain about ",
        "userDefined": false
      },
      {
        "text": "hiring and recruitment",
        "meta": "@hiring_recruitment",
        "alias": "hiring_recruitment",
        "userDefined": true
      },
      {
        "text": "?",
        "userDefined": false
      }
    ],
    "isTemplate": false,
    "count": 0,
    "lang": "en",
    "updated": 0
  },
  {
    "id": "791d78ab-6fb0-4c8d-857f-7a5a590848ce",
    "data": [
      {
        "text": "Can you explain the ",
        "userDefined": false
      },
      {
        "text": "exit process",
        "meta": "@exit_process",
        "alias": "exit_process",
        "userDefined": true
      },
      {
        "text": "?",
        "userDefined": false
      }
    ],
    "isTemplate": false,
    "count": 0,
    "lang": "en",
    "updated": 0
  },
  {
    "id": "57997426-0ba7-46d2-b375-037da452d974",
    "data": [
      {
        "text": "Compensation information",
        "meta": "@comp_info",
        "alias": "comp_info",
        "userDefined": true
      }
    ],
    "isTemplate": false,
    "count": 0,
    "lang": "en",
    "updated": 0
  },
  {
    "id": "38d90459-e762-4303-8c09-b30f32e02c59",
    "data": [
      {
        "text": "can you explain the ",
        "userDefined": false
      },
      {
        "text": "compensation process",
        "meta": "@comp_info",
        "alias": "comp_info",
        "userDefined": true
      },
      {
        "text": "?",
        "userDefined": false
      }
    ],
    "isTemplate": false,
    "count": 0,
    "lang": "en",
    "updated": 0
  },
  {
    "id": "3bf0149e-14ef-4543-a930-158a9066e214",
    "data": [
      {
        "text": "Can you talk about the ",
        "userDefined": false
      },
      {
        "text": "compensation info",
        "meta": "@comp_info",
        "alias": "comp_info",
        "userDefined": true
      },
      {
        "text": "?",
        "userDefined": false
      }
    ],
    "isTemplate": false,
    "count": 0,
    "lang": "en",
    "updated": 0
  },
  {
    "id": "47201e8b-b46b-4d95-bf14-eba1ba5ed2de",
    "data": [
      {
        "text": "What is the ",
        "userDefined": false
      },
      {
        "text": "compensation structure",
        "meta": "@comp_info",
        "alias": "comp_info",
        "userDefined": true
      },
      {
        "text": "?",
        "userDefined": false
      }
    ],
    "isTemplate": false,
    "count": 0,
    "lang": "en",
    "updated": 0
  },
  {
    "id": "40e724bc-9b0f-4ebb-a614-5aefb3bc546c",
    "data": [
      {
        "text": "What is the ",
        "userDefined": false
      },
      {
        "text": "compensation process",
        "meta": "@comp_info",
        "alias": "comp_info",
        "userDefined": true
      },
      {
        "text": "?",
        "userDefined": false
      }
    ],
    "isTemplate": false,
    "count": 0,
    "lang": "en",
    "updated": 0
  },
  {
    "id": "716945b0-dab0-41b4-b1bd-ae47e2716377",
    "data": [
      {
        "text": "What are the ",
        "userDefined": false
      },
      {
        "text": "compensations",
        "meta": "@comp_info",
        "alias": "comp_info",
        "userDefined": true
      },
      {
        "text": "?",
        "userDefined": false
      }
    ],
    "isTemplate": false,
    "count": 0,
    "lang": "en",
    "updated": 0
  },
  {
    "id": "5f5fbb9c-a367-4acd-96e2-c516621eb4d0",
    "data": [
      {
        "text": "Can you explain about the ",
        "userDefined": false
      },
      {
        "text": "employee time and hr actions",
        "meta": "@emp_time_hr",
        "alias": "emp_time_hr",
        "userDefined": true
      },
      {
        "text": "?",
        "userDefined": false
      }
    ],
    "isTemplate": false,
    "count": 0,
    "lang": "en",
    "updated": 0
  },
  {
    "id": "5690487f-d310-43b3-bbe0-fd892d9750aa",
    "data": [
      {
        "text": "What are the ",
        "userDefined": false
      },
      {
        "text": "leave benefits",
        "meta": "@family_medical_info",
        "alias": "family_medical_info",
        "userDefined": true
      },
      {
        "text": " on medical grounds?",
        "userDefined": false
      }
    ],
    "isTemplate": false,
    "count": 0,
    "lang": "en",
    "updated": 0
  },
  {
    "id": "bb584169-7ba0-4341-8761-5dff71948bf3",
    "data": [
      {
        "text": "What are the ",
        "userDefined": false
      },
      {
        "text": "medical benefits",
        "meta": "@family_medical_info",
        "alias": "family_medical_info",
        "userDefined": true
      },
      {
        "text": "?",
        "userDefined": false
      }
    ],
    "isTemplate": false,
    "count": 0,
    "lang": "en",
    "updated": 0
  },
  {
    "id": "29cb00f0-6a84-466b-8dec-e7b1bc3ea5b7",
    "data": [
      {
        "text": "what are the ",
        "userDefined": false
      },
      {
        "text": "medical leave benefits",
        "meta": "@family_medical_info",
        "alias": "family_medical_info",
        "userDefined": true
      },
      {
        "text": "?",
        "userDefined": false
      }
    ],
    "isTemplate": false,
    "count": 0,
    "lang": "en",
    "updated": 0
  },
  {
    "id": "ba786912-c754-4f9a-b1c6-5df0ff7ffe22",
    "data": [
      {
        "text": " Info about ",
        "userDefined": false
      },
      {
        "text": "family and medical leave benefits",
        "meta": "@family_medical_info",
        "alias": "family_medical_info",
        "userDefined": true
      },
      {
        "text": "?",
        "userDefined": false
      }
    ],
    "isTemplate": false,
    "count": 0,
    "lang": "en",
    "updated": 0
  },
  {
    "id": "3e698458-acfb-4d78-a90b-14b25b16f853",
    "data": [
      {
        "text": "Merit information",
        "meta": "@merit_information",
        "alias": "merit_information",
        "userDefined": true
      }
    ],
    "isTemplate": false,
    "count": 1,
    "lang": "en",
    "updated": 0
  },
  {
    "id": "106f62a4-ea75-4a2d-90a6-8c62eebca6af",
    "data": [
      {
        "text": "Can you explain about the ",
        "userDefined": false
      },
      {
        "text": "compensation",
        "meta": "@comp_info",
        "alias": "comp_info",
        "userDefined": true
      },
      {
        "text": "?",
        "userDefined": false
      }
    ],
    "isTemplate": false,
    "count": 0,
    "lang": "en",
    "updated": 0
  },
  {
    "id": "8db3531c-02aa-41f6-8a6d-0fc2da6bede3",
    "data": [
      {
        "text": "What is the ",
        "userDefined": false
      },
      {
        "text": "annual merit process",
        "meta": "@merit_information",
        "alias": "merit_information",
        "userDefined": true
      },
      {
        "text": "?",
        "userDefined": false
      }
    ],
    "isTemplate": false,
    "count": 0,
    "lang": "en",
    "updated": 0
  },
  {
    "id": "d9accafa-d27f-4741-9fde-1ccaf1ce9767",
    "data": [
      {
        "text": "What are paid ",
        "userDefined": false
      },
      {
        "text": "family and medical leave benefits",
        "meta": "@family_medical_info",
        "alias": "family_medical_info",
        "userDefined": false
      },
      {
        "text": "?",
        "userDefined": false
      }
    ],
    "isTemplate": false,
    "count": 1,
    "lang": "en",
    "updated": 0
  }
]