[
  {
    "id": "b84b569b-d4e3-45b5-8668-0b627c284f9e",
    "data": [
      {
        "text": "I know a little ",
        "userDefined": false
      },
      {
        "text": "mandarin",
        "meta": "@sys.language",
        "alias": "language",
        "userDefined": true
      }
    ],
    "isTemplate": false,
    "count": 0,
    "lang": "en",
    "updated": 0
  },
  {
    "id": "ba43dc1b-14b4-4d9d-b709-64fabca25779",
    "data": [
      {
        "text": "I can speak ",
        "userDefined": false
      },
      {
        "text": "spanish",
        "meta": "@sys.language",
        "alias": "language",
        "userDefined": true
      }
    ],
    "isTemplate": false,
    "count": 0,
    "lang": "en",
    "updated": 0
  },
  {
    "id": "6abd8f38-92c3-4a34-85f3-ee2ff79ec0fd",
    "data": [
      {
        "text": "I know ",
        "userDefined": false
      },
      {
        "text": "German",
        "meta": "@sys.language",
        "alias": "language",
        "userDefined": true
      }
    ],
    "isTemplate": false,
    "count": 0,
    "lang": "en",
    "updated": 0
  },
  {
    "id": "2be9e6a7-ee50-426a-8c04-7b320c9b56b7",
    "data": [
      {
        "text": "i speak ",
        "userDefined": false
      },
      {
        "text": "French",
        "meta": "@sys.language",
        "alias": "language",
        "userDefined": true
      }
    ],
    "isTemplate": false,
    "count": 0,
    "lang": "en",
    "updated": 0
  }
]