[
  {
    "id": "4deb6c4e-a7c9-4439-8b44-dc99fedad74c",
    "data": [
      {
        "text": "I know ",
        "userDefined": false
      },
      {
        "text": "javascript",
        "meta": "@programming-language",
        "alias": "programming-language",
        "userDefined": false
      }
    ],
    "isTemplate": false,
    "count": 0,
    "lang": "en",
    "updated": 0
  },
  {
    "id": "4825b7a3-6e18-4db8-b4bd-7c90bf07d0ed",
    "data": [
      {
        "text": "i know ",
        "userDefined": false
      },
      {
        "text": "Py",
        "meta": "@programming-language",
        "alias": "programming-language",
        "userDefined": false
      }
    ],
    "isTemplate": false,
    "count": 0,
    "lang": "en",
    "updated": 0
  },
  {
    "id": "0e528072-74bb-4074-a277-56d87c2de5bb",
    "data": [
      {
        "text": "i can code in ",
        "userDefined": false
      },
      {
        "text": "python",
        "meta": "@programming-language",
        "alias": "programming-language",
        "userDefined": true
      }
    ],
    "isTemplate": false,
    "count": 0,
    "lang": "en",
    "updated": 0
  }
]