[
  {
    "id": "ee6bd30a-0f99-4115-b5e0-c0dcc8831400",
    "data": [
      {
        "text": "get status nr ",
        "userDefined": false
      },
      {
        "text": "85",
        "meta": "@sys.number-integer",
        "alias": "userid",
        "userDefined": false
      }
    ],
    "isTemplate": false,
    "count": 0,
    "lang": "en",
    "updated": 0
  },
  {
    "id": "b6dab49f-d64b-4eb4-b8b1-d1676d22cf1a",
    "data": [
      {
        "text": "look up a value for user ",
        "userDefined": false
      },
      {
        "text": "11",
        "meta": "@sys.number-integer",
        "alias": "userid",
        "userDefined": true
      }
    ],
    "isTemplate": false,
    "count": 0,
    "lang": "en",
    "updated": 0
  },
  {
    "id": "77aa0000-11fd-44b7-848b-ba423ce56179",
    "data": [
      {
        "text": "look up my status",
        "userDefined": false
      }
    ],
    "isTemplate": false,
    "count": 0,
    "lang": "en",
    "updated": 0
  },
  {
    "id": "85fc3635-a81b-4490-8f7d-b2052e7bf581",
    "data": [
      {
        "text": "read status",
        "userDefined": false
      }
    ],
    "isTemplate": false,
    "count": 0,
    "lang": "en",
    "updated": 0
  },
  {
    "id": "39c855d9-1982-4216-aaed-4c2dfaccf948",
    "data": [
      {
        "text": "read from database",
        "userDefined": false
      }
    ],
    "isTemplate": false,
    "count": 0,
    "lang": "en",
    "updated": 0
  },
  {
    "id": "c57cc054-5fe8-491d-8544-8e928307f756",
    "data": [
      {
        "text": "get status",
        "userDefined": false
      }
    ],
    "isTemplate": false,
    "count": 0,
    "lang": "en",
    "updated": 0
  }
]