[
  {
    "id": "6b672be6-75bc-484f-a317-91151079e250",
    "data": [
      {
        "text": "user ",
        "userDefined": false
      },
      {
        "text": "12",
        "meta": "@sys.number-integer",
        "alias": "userid",
        "userDefined": false
      },
      {
        "text": " log my status",
        "userDefined": false
      }
    ],
    "isTemplate": false,
    "count": 0,
    "lang": "en",
    "updated": 0
  },
  {
    "id": "daa8ff60-9a45-42dc-8ec5-16bb29a26769",
    "data": [
      {
        "text": "save to database",
        "userDefined": false
      }
    ],
    "isTemplate": false,
    "count": 0,
    "lang": "en",
    "updated": 0
  },
  {
    "id": "08d22e55-85f8-49b4-b7db-df05e878cd48",
    "data": [
      {
        "text": "fill my diary",
        "userDefined": false
      }
    ],
    "isTemplate": false,
    "count": 0,
    "lang": "en",
    "updated": 0
  },
  {
    "id": "4a9d9e09-f910-442b-986a-f1a8c2c615ba",
    "data": [
      {
        "text": "save my condition",
        "userDefined": false
      }
    ],
    "isTemplate": false,
    "count": 0,
    "lang": "en",
    "updated": 0
  },
  {
    "id": "28fdc851-f3de-4467-a567-4edad62dd1d6",
    "data": [
      {
        "text": "write an entry",
        "userDefined": false
      }
    ],
    "isTemplate": false,
    "count": 0,
    "lang": "en",
    "updated": 0
  },
  {
    "id": "5f7bca37-2b53-40c4-85f7-af41e59eb7a8",
    "data": [
      {
        "text": "record my status",
        "userDefined": false
      }
    ],
    "isTemplate": false,
    "count": 0,
    "lang": "en",
    "updated": 0
  },
  {
    "id": "2406b712-6a71-4bda-b3bd-5843f4de7bdd",
    "data": [
      {
        "text": "log my status",
        "userDefined": false
      }
    ],
    "isTemplate": false,
    "count": 0,
    "lang": "en",
    "updated": 0
  }
]