[
  {
    "id": "bc39ac68-3d8c-4706-a8d6-363eabb66ef3",
    "data": [
      {
        "text": "make a booking",
        "userDefined": false
      }
    ],
    "isTemplate": false,
    "count": 0,
    "lang": "en",
    "updated": 0
  },
  {
    "id": "4c296d72-626b-4777-bb9e-3e28d9cfc224",
    "data": [
      {
        "text": "book a slot",
        "userDefined": false
      }
    ],
    "isTemplate": false,
    "count": 0,
    "lang": "en",
    "updated": 0
  },
  {
    "id": "038151ec-013b-4f20-8f5a-4b4a1b66f926",
    "data": [
      {
        "text": "schedule a meeting",
        "userDefined": false
      }
    ],
    "isTemplate": false,
    "count": 0,
    "lang": "en",
    "updated": 0
  },
  {
    "id": "837195cb-a36b-4047-af0a-b428956aafd9",
    "data": [
      {
        "text": "make an appointment",
        "userDefined": false
      }
    ],
    "isTemplate": false,
    "count": 0,
    "lang": "en",
    "updated": 0
  },
  {
    "id": "9ffac4d1-2c89-4873-8da2-bce74f7af3d9",
    "data": [
      {
        "text": "book me for ",
        "userDefined": false
      },
      {
        "text": "Monday",
        "meta": "@sys.date",
        "alias": "date",
        "userDefined": true
      },
      {
        "text": " ",
        "userDefined": false
      },
      {
        "text": "10am",
        "meta": "@sys.time",
        "alias": "time",
        "userDefined": false
      }
    ],
    "isTemplate": false,
    "count": 0,
    "lang": "en",
    "updated": 0
  },
  {
    "id": "2478e02a-1948-4a72-a6b8-732bbd34d060",
    "data": [
      {
        "text": "Make appointment for ",
        "userDefined": false
      },
      {
        "text": "1 october",
        "meta": "@sys.date",
        "alias": "date",
        "userDefined": true
      }
    ],
    "isTemplate": false,
    "count": 0,
    "lang": "en",
    "updated": 0
  },
  {
    "id": "dfd8d4e5-24f3-4e0e-b1ab-5f366d0d0e24",
    "data": [
      {
        "text": "book a meeting for ",
        "userDefined": false
      },
      {
        "text": "tomorrow",
        "meta": "@sys.date",
        "alias": "date",
        "userDefined": true
      }
    ],
    "isTemplate": false,
    "count": 0,
    "lang": "en",
    "updated": 0
  },
  {
    "id": "c21c4de6-3a85-4d0d-9372-4b259070e279",
    "data": [
      {
        "text": "i want make an appointment for ",
        "userDefined": false
      },
      {
        "text": "tuesday",
        "meta": "@sys.date",
        "alias": "date",
        "userDefined": false
      }
    ],
    "isTemplate": false,
    "count": 0,
    "lang": "en",
    "updated": 0
  }
]