[
  {
    "id": "e1206f14-01cd-4b3b-9478-8442893afd93",
    "data": [
      {
        "text": "I have a ",
        "userDefined": false
      },
      {
        "text": "problem",
        "meta": "@service_request",
        "alias": "service_request",
        "userDefined": true
      }
    ],
    "isTemplate": false,
    "count": 0,
    "lang": "en",
    "updated": 0
  },
  {
    "id": "0629a09e-9e67-4ff5-91f7-13ca7db4839d",
    "data": [
      {
        "text": "I have an ",
        "userDefined": false
      },
      {
        "text": "issue",
        "meta": "@service_request",
        "alias": "service_request",
        "userDefined": true
      }
    ],
    "isTemplate": false,
    "count": 0,
    "lang": "en",
    "updated": 0
  },
  {
    "id": "b3c95796-efa3-4819-88ec-ee855422396c",
    "data": [
      {
        "text": "I have a ",
        "userDefined": false
      },
      {
        "text": "complaint",
        "meta": "@service_request",
        "alias": "service_request",
        "userDefined": true
      }
    ],
    "isTemplate": false,
    "count": 0,
    "lang": "en",
    "updated": 0
  },
  {
    "id": "134e70ee-f590-47fe-90d2-0a3be2505a38",
    "data": [
      {
        "text": "i want to raise a ",
        "userDefined": false
      },
      {
        "text": "service request",
        "meta": "@service_request",
        "alias": "service_request",
        "userDefined": true
      }
    ],
    "isTemplate": false,
    "count": 0,
    "lang": "en",
    "updated": 0
  }
]