[
  {
    "id": "5ee63ae3-507d-4357-b112-c8c0dccdbdc2",
    "data": [
      {
        "text": "please provide the ",
        "userDefined": false
      },
      {
        "text": "time duration of my work",
        "meta": "@hours_worked",
        "alias": "hours_worked",
        "userDefined": true
      }
    ],
    "isTemplate": false,
    "count": 0,
    "lang": "en",
    "updated": 0
  },
  {
    "id": "a2e20e87-4c3c-4894-bf63-d5655abf6b9f",
    "data": [
      {
        "text": "Please provide my ",
        "userDefined": false
      },
      {
        "text": "salary details",
        "meta": "@salary",
        "alias": "salary",
        "userDefined": true
      }
    ],
    "isTemplate": false,
    "count": 0,
    "lang": "en",
    "updated": 0
  },
  {
    "id": "f49a0dc4-caca-47e1-9ee1-17f0948e358d",
    "data": [
      {
        "text": "What ",
        "userDefined": false
      },
      {
        "text": "balance leave for medical",
        "meta": "@leave_balance_family_medical",
        "alias": "leave_balance_family_medical",
        "userDefined": true
      },
      {
        "text": " do I have?",
        "userDefined": false
      }
    ],
    "isTemplate": false,
    "count": 0,
    "lang": "en",
    "updated": 0
  },
  {
    "id": "783054c9-53f5-4e6d-adf1-721995519a9d",
    "data": [
      {
        "text": "I want my ",
        "userDefined": false
      },
      {
        "text": "salary slip",
        "meta": "@salary",
        "alias": "salary",
        "userDefined": true
      }
    ],
    "isTemplate": false,
    "count": 0,
    "lang": "en",
    "updated": 0
  },
  {
    "id": "32d520ac-b73c-46c2-b285-6305121d197f",
    "data": [
      {
        "text": "Please provide my ",
        "userDefined": false
      },
      {
        "text": "salary slip",
        "meta": "@salary",
        "alias": "salary",
        "userDefined": true
      }
    ],
    "isTemplate": false,
    "count": 0,
    "lang": "en",
    "updated": 0
  },
  {
    "id": "1345b6ab-e15b-4587-8309-e2dd4f703f82",
    "data": [
      {
        "text": "Duration",
        "meta": "@hours_worked",
        "alias": "hours_worked",
        "userDefined": true
      },
      {
        "text": " of my work this year",
        "userDefined": false
      }
    ],
    "isTemplate": false,
    "count": 1,
    "lang": "en",
    "updated": 0
  },
  {
    "id": "5b133fa0-46df-44dd-ac3d-44ee71b05a05",
    "data": [
      {
        "text": "what is my ",
        "userDefined": false
      },
      {
        "text": "medical leave balance",
        "meta": "@leave_balance_family_medical",
        "alias": "leave_balance_family_medical",
        "userDefined": true
      },
      {
        "text": "?",
        "userDefined": false
      }
    ],
    "isTemplate": false,
    "count": 0,
    "lang": "en",
    "updated": 0
  },
  {
    "id": "3acbc085-5de6-4163-9706-7d49580d1608",
    "data": [
      {
        "text": "I want to know the number of ",
        "userDefined": false
      },
      {
        "text": "hours I have worked",
        "meta": "@hours_worked",
        "alias": "hours_worked",
        "userDefined": true
      },
      {
        "text": "  this year",
        "userDefined": false
      }
    ],
    "isTemplate": false,
    "count": 0,
    "lang": "en",
    "updated": 0
  },
  {
    "id": "110ed97b-bc99-433a-a410-32411762dde8",
    "data": [
      {
        "text": "I want to know ",
        "userDefined": false
      },
      {
        "text": "my salary",
        "meta": "@salary",
        "alias": "salary",
        "userDefined": true
      }
    ],
    "isTemplate": false,
    "count": 0,
    "lang": "en",
    "updated": 0
  },
  {
    "id": "c78d1b20-4880-4860-a8d2-fd39d4c0ab2e",
    "data": [
      {
        "text": "My salary",
        "meta": "@salary",
        "alias": "salary",
        "userDefined": true
      }
    ],
    "isTemplate": false,
    "count": 0,
    "lang": "en",
    "updated": 0
  },
  {
    "id": "6b8b1cbf-5398-435c-92f7-98ef811f36be",
    "data": [
      {
        "text": "How much I ",
        "userDefined": false
      },
      {
        "text": "earned",
        "meta": "@salary",
        "alias": "salary",
        "userDefined": true
      },
      {
        "text": " this year?",
        "userDefined": false
      }
    ],
    "isTemplate": false,
    "count": 0,
    "lang": "en",
    "updated": 0
  },
  {
    "id": "0de97e2a-5b7e-4693-8585-7481d2aebe93",
    "data": [
      {
        "text": "My ",
        "userDefined": false
      },
      {
        "text": "annual package",
        "meta": "@salary",
        "alias": "salary",
        "userDefined": true
      },
      {
        "text": "?",
        "userDefined": false
      }
    ],
    "isTemplate": false,
    "count": 0,
    "lang": "en",
    "updated": 0
  },
  {
    "id": "bc0c00bc-ee35-41b1-9853-3c48cc864c3b",
    "data": [
      {
        "text": "What is my ",
        "userDefined": false
      },
      {
        "text": "annual income",
        "meta": "@leave_balance_wellness",
        "alias": "leave_balance_wellness",
        "userDefined": true
      },
      {
        "text": "?",
        "userDefined": false
      }
    ],
    "isTemplate": false,
    "count": 0,
    "lang": "en",
    "updated": 0
  },
  {
    "id": "ad426a16-9bfa-42a4-b860-93c612435e87",
    "data": [
      {
        "text": "What is my ",
        "userDefined": false
      },
      {
        "text": "income",
        "meta": "@salary",
        "alias": "salary",
        "userDefined": true
      },
      {
        "text": " for this year?",
        "userDefined": false
      }
    ],
    "isTemplate": false,
    "count": 0,
    "lang": "en",
    "updated": 0
  },
  {
    "id": "ceaee957-722f-4862-a984-f2b3548deffc",
    "data": [
      {
        "text": "Please provide details for my ",
        "userDefined": false
      },
      {
        "text": "leave balance for paid family and medical leaves",
        "meta": "@leave_balance_family_medical",
        "alias": "leave_balance_family_medical",
        "userDefined": true
      },
      {
        "text": "?",
        "userDefined": false
      }
    ],
    "isTemplate": false,
    "count": 0,
    "lang": "en",
    "updated": 0
  },
  {
    "id": "e4dac967-ba11-4347-8629-fb3a0205adb4",
    "data": [
      {
        "text": "Can you tell me what my ",
        "userDefined": false
      },
      {
        "text": "earning",
        "meta": "@salary",
        "alias": "salary",
        "userDefined": true
      },
      {
        "text": " is?",
        "userDefined": false
      }
    ],
    "isTemplate": false,
    "count": 0,
    "lang": "en",
    "updated": 0
  },
  {
    "id": "144fd713-c174-4423-8310-d2c93cc70332",
    "data": [
      {
        "text": "How many leave I am left with for the ",
        "userDefined": false
      },
      {
        "text": "wellness days",
        "meta": "@leave_balance_wellness",
        "alias": "leave_balance_wellness",
        "userDefined": true
      },
      {
        "text": "?",
        "userDefined": false
      }
    ],
    "isTemplate": false,
    "count": 0,
    "lang": "en",
    "updated": 0
  },
  {
    "id": "c8e55cc6-6ec9-41b4-b851-03b5828bfb65",
    "data": [
      {
        "text": "Please provide the details for my ",
        "userDefined": false
      },
      {
        "text": "earnings",
        "meta": "@salary",
        "alias": "salary",
        "userDefined": true
      },
      {
        "text": "?",
        "userDefined": false
      }
    ],
    "isTemplate": false,
    "count": 0,
    "lang": "en",
    "updated": 0
  },
  {
    "id": "747f96dc-2811-4e94-9a0a-9cb907d19481",
    "data": [
      {
        "text": "Please provide the details for my ",
        "userDefined": false
      },
      {
        "text": "leave balance for wellness days",
        "meta": "@leave_balance_wellness",
        "alias": "leave_balance_wellness",
        "userDefined": true
      },
      {
        "text": "?",
        "userDefined": false
      }
    ],
    "isTemplate": false,
    "count": 0,
    "lang": "en",
    "updated": 0
  },
  {
    "id": "a3e54bce-2154-4120-b0d9-858ba69f09af",
    "data": [
      {
        "text": "My ",
        "userDefined": false
      },
      {
        "text": "wellness day leave balance",
        "meta": "@leave_balance_wellness",
        "alias": "leave_balance_wellness",
        "userDefined": true
      }
    ],
    "isTemplate": false,
    "count": 0,
    "lang": "en",
    "updated": 0
  },
  {
    "id": "02cabec8-7636-4e98-a057-d1cad19d7586",
    "data": [
      {
        "text": "Can you tell me what my ",
        "userDefined": false
      },
      {
        "text": "salary",
        "meta": "@salary",
        "alias": "salary",
        "userDefined": true
      },
      {
        "text": " is?",
        "userDefined": false
      }
    ],
    "isTemplate": false,
    "count": 0,
    "lang": "en",
    "updated": 0
  },
  {
    "id": "a91f018c-77a6-4afa-b009-52db62c95668",
    "data": [
      {
        "text": "how many ",
        "userDefined": false
      },
      {
        "text": "hours",
        "meta": "@hours_worked",
        "alias": "hours_worked",
        "userDefined": true
      },
      {
        "text": " have I worked ",
        "userDefined": false
      },
      {
        "text": "this year",
        "userDefined": false
      },
      {
        "text": "?",
        "userDefined": false
      }
    ],
    "isTemplate": false,
    "count": 0,
    "lang": "en",
    "updated": 0
  },
  {
    "id": "13dc3dee-4728-40e2-9652-c09adbbc3df6",
    "data": [
      {
        "text": "what is my ",
        "userDefined": false
      },
      {
        "text": "salary",
        "meta": "@salary",
        "alias": "salary",
        "userDefined": true
      },
      {
        "text": "?",
        "userDefined": false
      }
    ],
    "isTemplate": false,
    "count": 0,
    "lang": "en",
    "updated": 0
  },
  {
    "id": "79cd1a5e-bb65-41cf-b752-55f513c6a47d",
    "data": [
      {
        "text": "What is my ",
        "userDefined": false
      },
      {
        "text": "leave balance for paid family and medical leaves",
        "meta": "@leave_balance_family_medical",
        "alias": "leave_balance_family_medical",
        "userDefined": false
      },
      {
        "text": "?",
        "userDefined": false
      }
    ],
    "isTemplate": false,
    "count": 0,
    "lang": "en",
    "updated": 0
  },
  {
    "id": "5afd8c6b-6b4b-4f8b-8169-b845bc3fb597",
    "data": [
      {
        "text": "What is my ",
        "userDefined": false
      },
      {
        "text": "leave balance for wellness days",
        "meta": "@leave_balance_wellness",
        "alias": "leave_balance_wellness",
        "userDefined": false
      },
      {
        "text": "?",
        "userDefined": false
      }
    ],
    "isTemplate": false,
    "count": 0,
    "lang": "en",
    "updated": 0
  }
]